"ID of id","ID of module_","beginLine","beginColumn","endLine","endColumn"
4427,4207,0,0,0,0
4428,4207,3,1,3,40
4429,4207,3,1,3,40
4430,4207,3,1,3,40
4431,4207,3,16,3,19
4432,4207,3,22,3,28
4433,4207,3,31,3,38
4434,4207,4,5,4,47
4435,4207,4,5,4,47
4436,4207,5,5,5,75
4437,4207,5,16,5,75
4438,4207,5,16,5,56
4439,4207,5,16,5,45
4440,4207,5,16,5,20
4441,4207,5,22,5,38
4442,4207,5,41,5,44
4443,4207,5,58,5,64
4444,4207,5,67,5,74
4445,4207,5,5,5,12
4446,4207,6,5,6,14
4447,4207,6,14,6,14
4448,4207,6,5,6,10
4449,4207,7,5,7,8
4450,4207,8,9,8,102
4451,4207,8,19,8,102
4452,4207,8,19,8,35
4453,4207,8,19,8,30
4454,4207,8,19,8,22
4455,4207,8,37,8,80
4456,4207,8,37,8,66
4457,4207,8,37,8,62
4458,4207,8,37,8,53
4459,4207,8,37,8,49
4460,4207,8,37,8,40
4461,4207,8,55,8,61
4462,4207,8,68,8,79
4463,4207,8,68,8,74
4464,4207,8,83,8,101
4465,4207,8,89,8,101
4466,4207,8,89,8,95
4467,4207,8,9,8,15
4468,4207,9,9,9,73
4469,4207,9,25,9,73
4470,4207,9,25,9,35
4471,4207,9,25,9,31
4472,4207,9,37,9,72
4473,4207,9,37,9,50
4474,4207,9,37,9,43
4475,4207,9,9,9,21
4476,4207,10,9,10,25
4477,4207,10,12,10,24
4478,4207,11,13,11,39
4479,4207,11,22,11,39
4480,4207,11,22,11,24
4481,4207,11,26,11,38
4482,4207,11,13,11,18
4483,4207,12,5,12,19
4484,4207,12,12,12,18
4485,4207,13,9,13,12
4486,4207,14,5,14,54
4487,4207,14,12,14,54
4488,4207,14,12,14,33
4489,4207,14,12,14,20
4490,4207,14,35,14,53
4491,4207,14,35,14,38
4492,4207,14,40,14,52
4493,4207,14,47,14,52
4494,4207,3,5,3,14
