"ID of flownode","ID of realnode","ID of basicblock","index"
4357,4218,4358,1
4358,4216,4358,0
4360,4225,4358,3
4361,4233,4358,4
4363,4232,4358,6
4364,4228,4364,0
4365,4229,4365,0
4366,4242,4365,1
4367,4241,4365,2
4368,4248,4365,3
4369,4247,4365,4
4370,4255,4365,5
4371,4254,4365,6
4372,4253,4365,7
4373,4252,4365,8
4374,4262,4365,9
4375,4261,4365,10
4376,4260,4365,11
4377,4259,4365,12
4379,4270,4365,14
4380,4267,4365,15
4381,4266,4365,16
4382,4240,4365,17
4383,4275,4383,0
4384,4274,4383,1
4386,4282,4383,3
4387,4279,4383,4
4388,4301,4383,5
4389,4300,4383,6
4390,4299,4383,7
4391,4290,4383,8
4392,4295,4383,9
4393,4294,4383,10
4394,4289,4383,11
4395,4288,4383,12
4396,4286,4383,13
4397,4285,4383,14
4398,4273,4383,15
4399,4307,4383,16
4400,4313,4383,17
4401,4312,4383,18
4403,4319,4383,20
4404,4324,4383,21
4406,4323,4383,23
4407,4318,4383,24
4408,4311,4383,25
4409,4333,4383,26
4411,4332,4383,28
4412,4328,4412,0
4413,4329,4413,0
4414,4341,4413,1
4415,4340,4413,2
4419,4345,4413,6
4420,4351,4413,7
4421,4339,4413,8
4422,4216,4422,0
4428,4213,4429,1
4429,4207,4429,0
4430,4354,4429,2
4431,4207,4429,3
