"ID of predecessor","ID of successor"
4343,4345
4344,4343
4350,4351
4351,4352
4352,4353
4353,4354
4354,4355
4355,4356
4356,4357
4357,4358
4358,4359
4359,4360
4360,4361
4361,4362
4362,4363
4363,4364
4363,4369
4364,4365
4365,4366
4366,4367
4367,4368
4368,4363
4369,4370
4370,4371
4371,4372
4372,4373
4373,4374
4374,4375
4375,4376
4376,4377
4377,4378
4378,4379
4379,4380
4380,4381
4381,4382
4382,4383
4383,4384
4384,4385
4385,4386
4386,4387
4387,4388
4388,4389
4389,4390
4390,4391
4391,4392
4392,4393
4393,4394
4400,4402
4401,4400
4402,4403
